id,producto,monto,fecha
1,Laptop,1200.00,2026-09-01
2,Mouse,25.50,2026-09-01
3,Teclado,45.00,2026-09-02
4,Monitor,300.00,2026-09-02
5,Laptop,1200.00,2026-09-03
6,Mouse,25.50,2026-09-03
7,Audifonos,80.00,2026-09-04
8,Silla Gamer,250.00,2026-09-05
9,Laptop,1200.00,2026-09-05
10,Teclado,45.00,2026-09-06
11,Monitor,300.00,2026-09-06
12,Mouse,25.50,2026-09-07
13,Webcam,60.00,2026-09-07
14,Audifonos,80.00,2026-09-08
15,Silla Gamer,250.00,2026-09-09
16,Laptop,1200.00,2026-09-10
17,Teclado,45.00,2026-09-10
18,Disco Duro,110.00,2026-09-11
19,Monitor,300.00,2026-09-12
20,Mouse,25.50,2026-09-12
21,Micrófono USB,95.00,2026-09-13
22,Impresora,180.00,2026-09-13
23,Laptop,1200.00,2026-09-14
24,Teclado,45.00,2026-09-14
25,Mouse,25.50,2026-09-15
26,Silla Gamer,250.00,2026-09-15
27,Monitor,300.00,2026-09-16
28,Audifonos,80.00,2026-09-16
29,Webcam,60.00,2026-09-17
30,Disco Duro,110.00,2026-09-17
31,Laptop,1200.00,2026-09-18
32,Mouse,25.50,2026-09-18
33,Teclado,45.00,2026-09-19
34,Monitor,300.00,2026-09-19
35,Micrófono USB,95.00,2026-09-20
36,Audifonos,80.00,2026-09-20
37,Silla Gamer,250.00,2026-09-21
38,Laptop,1200.00,2026-09-21
39,Mouse,25.50,2026-09-22
40,Impresora,180.00,2026-09-22
41,Teclado,45.00,2026-09-23
42,Monitor,300.00,2026-09-23
43,Webcam,60.00,2026-09-24
44,Disco Duro,110.00,2026-09-24
45,Laptop,1200.00,2026-09-25
46,Mouse,25.50,2026-09-25
47,Audifonos,80.00,2026-09-26
48,Silla Gamer,250.00,2026-09-26
49,Micrófono USB,95.00,2026-09-27
50,Monitor,300.00,2026-09-27
51,Teclado,45.00,2026-09-28
52,Mouse,25.50,2026-09-28
53,Laptop,1200.00,2026-09-28
54,Impresora,180.00,2026-09-29
55,Audifonos,80.00,2026-09-29
56,Webcam,60.00,2026-09-29
57,Disco Duro,110.00,2026-09-30
58,Silla Gamer,250.00,2026-09-30
59,Monitor,300.00,2026-09-30
60,Mouse,25.50,2026-09-30